timestamp,region_id,carbon_intensity_gco2kwh,renewable_pct,electricity_cost_usd_kwh
0,region_us_east,322.0,27.8,0.086
0,region_eu_west,280.0,35.0,0.107
0,region_asia_pac,513.4,19.2,0.052
0,region_us_west,200.0,45.0,0.097
3600,region_us_east,310.0,29.0,0.083
3600,region_eu_west,277.8,35.3,0.103
3600,region_asia_pac,503.4,19.8,0.051
3600,region_us_west,198.3,45.4,0.093
7200,region_us_east,302.6,29.7,0.081
7200,region_eu_west,271.3,36.3,0.101
7200,region_asia_pac,500.0,20.0,0.05
7200,region_us_west,193.3,46.7,0.091
10800,region_us_east,300.0,30.0,0.08
10800,region_eu_west,261.0,37.9,0.1
10800,region_asia_pac,503.4,19.8,0.051
10800,region_us_west,185.4,48.7,0.09
14400,region_us_east,302.6,29.7,0.081
14400,region_eu_west,247.5,40.0,0.101
14400,region_asia_pac,513.4,19.2,0.052
14400,region_us_west,175.0,51.2,0.091
18000,region_us_east,310.0,29.0,0.083
18000,region_eu_west,231.8,42.4,0.103
18000,region_asia_pac,529.3,18.2,0.054
18000,region_us_west,162.9,54.3,0.093
21600,region_us_east,322.0,27.8,0.086
21600,region_eu_west,215.0,45.0,0.107
21600,region_asia_pac,550.0,17.0,0.058
21600,region_us_west,150.0,57.5,0.097
25200,region_us_east,337.5,26.2,0.09
25200,region_eu_west,198.2,47.6,0.113
25200,region_asia_pac,574.1,15.6,0.061
25200,region_us_west,137.1,60.7,0.103
28800,region_us_east,355.6,24.4,0.095
28800,region_eu_west,182.5,50.0,0.119
28800,region_asia_pac,600.0,14.0,0.065
28800,region_us_west,125.0,63.8,0.109
32400,region_us_east,375.0,22.5,0.1
32400,region_eu_west,169.0,52.1,0.125
32400,region_asia_pac,625.9,12.4,0.069
32400,region_us_west,114.6,66.3,0.115
36000,region_us_east,394.4,20.6,0.105
36000,region_eu_west,158.7,53.7,0.131
36000,region_asia_pac,650.0,11.0,0.072
36000,region_us_west,106.7,68.3,0.121
39600,region_us_east,412.5,18.8,0.11
39600,region_eu_west,152.2,54.7,0.138
39600,region_asia_pac,670.7,9.8,0.076
39600,region_us_west,101.7,69.6,0.128
43200,region_us_east,428.0,17.2,0.114
43200,region_eu_west,150.0,55.0,0.143
43200,region_asia_pac,686.6,8.8,0.078
43200,region_us_west,100.0,70.0,0.133
46800,region_us_east,440.0,16.0,0.117
46800,region_eu_west,152.2,54.7,0.147
46800,region_asia_pac,696.6,8.2,0.079
46800,region_us_west,101.7,69.6,0.137
50400,region_us_east,447.4,15.3,0.119
50400,region_eu_west,158.7,53.7,0.149
50400,region_asia_pac,700.0,8.0,0.08
50400,region_us_west,106.7,68.3,0.139
54000,region_us_east,450.0,15.0,0.12
54000,region_eu_west,169.0,52.1,0.15
54000,region_asia_pac,696.6,8.2,0.079
54000,region_us_west,114.6,66.3,0.14
57600,region_us_east,447.4,15.3,0.119
57600,region_eu_west,182.5,50.0,0.149
57600,region_asia_pac,686.6,8.8,0.078
57600,region_us_west,125.0,63.8,0.139
61200,region_us_east,440.0,16.0,0.117
61200,region_eu_west,198.2,47.6,0.147
61200,region_asia_pac,670.7,9.8,0.076
61200,region_us_west,137.1,60.7,0.137
64800,region_us_east,428.0,17.2,0.114
64800,region_eu_west,215.0,45.0,0.143
64800,region_asia_pac,650.0,11.0,0.072
64800,region_us_west,150.0,57.5,0.133
68400,region_us_east,412.5,18.8,0.11
68400,region_eu_west,231.8,42.4,0.138
68400,region_asia_pac,625.9,12.4,0.069
68400,region_us_west,162.9,54.3,0.128
72000,region_us_east,394.4,20.6,0.105
72000,region_eu_west,247.5,40.0,0.131
72000,region_asia_pac,600.0,14.0,0.065
72000,region_us_west,175.0,51.2,0.121
75600,region_us_east,375.0,22.5,0.1
75600,region_eu_west,261.0,37.9,0.125
75600,region_asia_pac,574.1,15.6,0.061
75600,region_us_west,185.4,48.7,0.115
79200,region_us_east,355.6,24.4,0.095
79200,region_eu_west,271.3,36.3,0.119
79200,region_asia_pac,550.0,17.0,0.058
79200,region_us_west,193.3,46.7,0.109
82800,region_us_east,337.5,26.2,0.09
82800,region_eu_west,277.8,35.3,0.113
82800,region_asia_pac,529.3,18.2,0.054
82800,region_us_west,198.3,45.4,0.103
